{
  "w2v": {
    "test_accuracy": 0.49,
    "val_accuracy": 0.4865333333333333,
    "test_f1_macro": 0.2751751759046588,
    "test_f1_weighted": 0.4451246894254155,
    "test_f1_per_class": {
      "anger": 0.26244952893674295,
      "disgust": 0.0,
      "fear": 0.05240174672489083,
      "joy": 0.6397037037037037,
      "sadness": 0.3116883116883117,
      "surprise": 0.17946345975948197,
      "neutral": 0.4805194805194805
    },
    "val_f1_macro": 0.28406909988741125,
    "val_f1_weighted": 0.4459255139874116,
    "val_f1_per_class": {
      "anger": 0.28913963328631875,
      "disgust": 0.0,
      "fear": 0.07964601769911504,
      "joy": 0.6434324205593791,
      "sadness": 0.3460490463215259,
      "surprise": 0.18806509945750452,
      "neutral": 0.4421514818880351
    },
    "training_time_seconds": 112.47093486785889,
    "timestamp": "2025-05-11T19:45:26.985574",
    "model_type": "Transformer",
    "vectorizer": "w2v",
    "model_path": "models/transformer/transformer_w2v.pt",
    "train_losses": [
      894.0699617862701,
      862.7761838436127,
      847.9735803604126,
      836.577663898468,
      829.6243206262589,
      824.7824561595917,
      819.6590974330902,
      816.3287881612778,
      812.5081423521042,
      808.032282948494,
      805.7390302419662,
      802.4954963922501,
      800.7915416955948,
      798.3100943565369,
      796.8513031005859,
      794.6595616340637,
      792.8053115606308
    ],
    "train_accuracies": [
      0.39577142857142855,
      0.4289428571428571,
      0.44625714285714285,
      0.4605714285714286,
      0.46677142857142856,
      0.47294285714285716,
      0.48222857142857145,
      0.48534285714285713,
      0.4879428571428571,
      0.49142857142857144,
      0.49482857142857145,
      0.49885714285714283,
      0.4997142857142857,
      0.5049428571428571,
      0.5027714285714285,
      0.5079142857142858,
      0.5092571428571429
    ],
    "val_accuracies": [
      0.4272,
      0.3916,
      0.45293333333333335,
      0.4653333333333333,
      0.4634666666666667,
      0.47346666666666665,
      0.4729333333333333,
      0.48173333333333335,
      0.4828,
      0.48333333333333334,
      0.48733333333333334,
      0.4912,
      0.4898666666666667,
      0.4921333333333333,
      0.4885333333333333,
      0.4912,
      0.4865333333333333
    ]
  },
  "fasttext": {
    "test_accuracy": 0.4852,
    "val_accuracy": 0.49306666666666665,
    "test_f1_macro": 0.31235207713855384,
    "test_f1_weighted": 0.46500170807487723,
    "test_f1_per_class": {
      "anger": 0.26169491525423727,
      "disgust": 0.0,
      "fear": 0.12639405204460966,
      "joy": 0.656472632493484,
      "sadness": 0.3707093821510298,
      "surprise": 0.3008036739380023,
      "neutral": 0.47038988408851423
    },
    "val_f1_macro": 0.3036140501512336,
    "val_f1_weighted": 0.4747840802461343,
    "val_f1_per_class": {
      "anger": 0.29720518064076346,
      "disgust": 0.0,
      "fear": 0.043478260869565216,
      "joy": 0.6659853517288367,
      "sadness": 0.34679334916864607,
      "surprise": 0.2978723404255319,
      "neutral": 0.47396386822529224
    },
    "training_time_seconds": 81.3889811038971,
    "timestamp": "2025-05-11T19:46:50.289554",
    "model_type": "Transformer",
    "vectorizer": "fasttext",
    "model_path": "models/transformer/transformer_fasttext.pt",
    "train_losses": [
      899.7033077478409,
      860.777402639389,
      843.0120408535004,
      832.3605275154114,
      822.6661517620087,
      816.8603348731995,
      810.2058112621307,
      804.5463737249374,
      800.255163192749,
      795.4526450634003,
      790.3935567140579,
      784.8925790786743,
      781.062048792839
    ],
    "train_accuracies": [
      0.3912285714285714,
      0.4324,
      0.4512285714285714,
      0.4636857142857143,
      0.4755714285714286,
      0.4815714285714286,
      0.4900285714285714,
      0.4962,
      0.49985714285714283,
      0.5054571428571428,
      0.5087142857142857,
      0.5129142857142858,
      0.5182
    ],
    "val_accuracies": [
      0.44306666666666666,
      0.4345333333333333,
      0.4609333333333333,
      0.4457333333333333,
      0.47173333333333334,
      0.4888,
      0.4872,
      0.49,
      0.4998666666666667,
      0.5005333333333334,
      0.4922666666666667,
      0.4982666666666667,
      0.49306666666666665
    ]
  },
  "bert": {
    "test_accuracy": 0.488,
    "val_accuracy": 0.4650666666666667,
    "test_f1_macro": 0.31742736250529624,
    "test_f1_weighted": 0.4736242442453445,
    "test_f1_per_class": {
      "anger": 0.29255989911727615,
      "disgust": 0.016,
      "fear": 0.12552301255230125,
      "joy": 0.6376511226252158,
      "sadness": 0.31729518855656696,
      "surprise": 0.360450563204005,
      "neutral": 0.47251175148170854
    },
    "val_f1_macro": 0.30188401425947486,
    "val_f1_weighted": 0.4472809287634486,
    "val_f1_per_class": {
      "anger": 0.2608187134502924,
      "disgust": 0.05333333333333334,
      "fear": 0.10655737704918032,
      "joy": 0.6169952887803176,
      "sadness": 0.28892005610098176,
      "surprise": 0.33130493576741044,
      "neutral": 0.45525839533480794
    },
    "training_time_seconds": 97.86498498916626,
    "timestamp": "2025-05-11T19:48:29.688546",
    "model_type": "Transformer",
    "vectorizer": "bert",
    "model_path": "models/transformer/transformer_bert.pt",
    "train_losses": [
      864.7697759866714,
      841.1355525255203,
      834.9501750469208,
      829.4957399368286,
      822.4042766094208,
      816.2469966411591,
      809.9440569877625,
      803.2678391933441,
      796.586033821106,
      789.9459270238876,
      782.666713476181,
      775.1833307743073,
      768.0914025306702,
      760.0447381734848,
      750.7433792352676,
      741.1132355928421,
      730.2017269134521
    ],
    "train_accuracies": [
      0.42365714285714284,
      0.4443142857142857,
      0.45185714285714285,
      0.46325714285714287,
      0.4662857142857143,
      0.4731142857142857,
      0.4792571428571429,
      0.48605714285714285,
      0.4963142857142857,
      0.5002571428571428,
      0.5085428571428572,
      0.5152,
      0.5238285714285714,
      0.5294285714285715,
      0.541,
      0.5507142857142857,
      0.5604857142857143
    ],
    "val_accuracies": [
      0.43466666666666665,
      0.4345333333333333,
      0.4524,
      0.4548,
      0.4517333333333333,
      0.46373333333333333,
      0.4684,
      0.4644,
      0.47173333333333334,
      0.4713333333333333,
      0.47186666666666666,
      0.47253333333333336,
      0.4712,
      0.4729333333333333,
      0.4673333333333333,
      0.472,
      0.4650666666666667
    ]
  }
}