{
  "test_accuracy": 0.49,
  "val_accuracy": 0.4865333333333333,
  "test_f1_macro": 0.2751751759046588,
  "test_f1_weighted": 0.4451246894254155,
  "test_f1_per_class": {
    "anger": 0.26244952893674295,
    "disgust": 0.0,
    "fear": 0.05240174672489083,
    "joy": 0.6397037037037037,
    "sadness": 0.3116883116883117,
    "surprise": 0.17946345975948197,
    "neutral": 0.4805194805194805
  },
  "val_f1_macro": 0.28406909988741125,
  "val_f1_weighted": 0.4459255139874116,
  "val_f1_per_class": {
    "anger": 0.28913963328631875,
    "disgust": 0.0,
    "fear": 0.07964601769911504,
    "joy": 0.6434324205593791,
    "sadness": 0.3460490463215259,
    "surprise": 0.18806509945750452,
    "neutral": 0.4421514818880351
  },
  "training_time_seconds": 112.47093486785889,
  "timestamp": "2025-05-11T19:45:26.985574",
  "model_type": "Transformer",
  "vectorizer": "w2v",
  "model_path": "models/transformer/transformer_w2v.pt",
  "train_losses": [
    894.0699617862701,
    862.7761838436127,
    847.9735803604126,
    836.577663898468,
    829.6243206262589,
    824.7824561595917,
    819.6590974330902,
    816.3287881612778,
    812.5081423521042,
    808.032282948494,
    805.7390302419662,
    802.4954963922501,
    800.7915416955948,
    798.3100943565369,
    796.8513031005859,
    794.6595616340637,
    792.8053115606308
  ],
  "train_accuracies": [
    0.39577142857142855,
    0.4289428571428571,
    0.44625714285714285,
    0.4605714285714286,
    0.46677142857142856,
    0.47294285714285716,
    0.48222857142857145,
    0.48534285714285713,
    0.4879428571428571,
    0.49142857142857144,
    0.49482857142857145,
    0.49885714285714283,
    0.4997142857142857,
    0.5049428571428571,
    0.5027714285714285,
    0.5079142857142858,
    0.5092571428571429
  ],
  "val_accuracies": [
    0.4272,
    0.3916,
    0.45293333333333335,
    0.4653333333333333,
    0.4634666666666667,
    0.47346666666666665,
    0.4729333333333333,
    0.48173333333333335,
    0.4828,
    0.48333333333333334,
    0.48733333333333334,
    0.4912,
    0.4898666666666667,
    0.4921333333333333,
    0.4885333333333333,
    0.4912,
    0.4865333333333333
  ]
}