{
  "test_accuracy": 0.488,
  "val_accuracy": 0.4650666666666667,
  "test_f1_macro": 0.31742736250529624,
  "test_f1_weighted": 0.4736242442453445,
  "test_f1_per_class": {
    "anger": 0.29255989911727615,
    "disgust": 0.016,
    "fear": 0.12552301255230125,
    "joy": 0.6376511226252158,
    "sadness": 0.31729518855656696,
    "surprise": 0.360450563204005,
    "neutral": 0.47251175148170854
  },
  "val_f1_macro": 0.30188401425947486,
  "val_f1_weighted": 0.4472809287634486,
  "val_f1_per_class": {
    "anger": 0.2608187134502924,
    "disgust": 0.05333333333333334,
    "fear": 0.10655737704918032,
    "joy": 0.6169952887803176,
    "sadness": 0.28892005610098176,
    "surprise": 0.33130493576741044,
    "neutral": 0.45525839533480794
  },
  "training_time_seconds": 97.86498498916626,
  "timestamp": "2025-05-11T19:48:29.688546",
  "model_type": "Transformer",
  "vectorizer": "bert",
  "model_path": "models/transformer/transformer_bert.pt",
  "train_losses": [
    864.7697759866714,
    841.1355525255203,
    834.9501750469208,
    829.4957399368286,
    822.4042766094208,
    816.2469966411591,
    809.9440569877625,
    803.2678391933441,
    796.586033821106,
    789.9459270238876,
    782.666713476181,
    775.1833307743073,
    768.0914025306702,
    760.0447381734848,
    750.7433792352676,
    741.1132355928421,
    730.2017269134521
  ],
  "train_accuracies": [
    0.42365714285714284,
    0.4443142857142857,
    0.45185714285714285,
    0.46325714285714287,
    0.4662857142857143,
    0.4731142857142857,
    0.4792571428571429,
    0.48605714285714285,
    0.4963142857142857,
    0.5002571428571428,
    0.5085428571428572,
    0.5152,
    0.5238285714285714,
    0.5294285714285715,
    0.541,
    0.5507142857142857,
    0.5604857142857143
  ],
  "val_accuracies": [
    0.43466666666666665,
    0.4345333333333333,
    0.4524,
    0.4548,
    0.4517333333333333,
    0.46373333333333333,
    0.4684,
    0.4644,
    0.47173333333333334,
    0.4713333333333333,
    0.47186666666666666,
    0.47253333333333336,
    0.4712,
    0.4729333333333333,
    0.4673333333333333,
    0.472,
    0.4650666666666667
  ]
}