{
  "test_accuracy": 0.4852,
  "val_accuracy": 0.49306666666666665,
  "test_f1_macro": 0.31235207713855384,
  "test_f1_weighted": 0.46500170807487723,
  "test_f1_per_class": {
    "anger": 0.26169491525423727,
    "disgust": 0.0,
    "fear": 0.12639405204460966,
    "joy": 0.656472632493484,
    "sadness": 0.3707093821510298,
    "surprise": 0.3008036739380023,
    "neutral": 0.47038988408851423
  },
  "val_f1_macro": 0.3036140501512336,
  "val_f1_weighted": 0.4747840802461343,
  "val_f1_per_class": {
    "anger": 0.29720518064076346,
    "disgust": 0.0,
    "fear": 0.043478260869565216,
    "joy": 0.6659853517288367,
    "sadness": 0.34679334916864607,
    "surprise": 0.2978723404255319,
    "neutral": 0.47396386822529224
  },
  "training_time_seconds": 81.3889811038971,
  "timestamp": "2025-05-11T19:46:50.289554",
  "model_type": "Transformer",
  "vectorizer": "fasttext",
  "model_path": "models/transformer/transformer_fasttext.pt",
  "train_losses": [
    899.7033077478409,
    860.777402639389,
    843.0120408535004,
    832.3605275154114,
    822.6661517620087,
    816.8603348731995,
    810.2058112621307,
    804.5463737249374,
    800.255163192749,
    795.4526450634003,
    790.3935567140579,
    784.8925790786743,
    781.062048792839
  ],
  "train_accuracies": [
    0.3912285714285714,
    0.4324,
    0.4512285714285714,
    0.4636857142857143,
    0.4755714285714286,
    0.4815714285714286,
    0.4900285714285714,
    0.4962,
    0.49985714285714283,
    0.5054571428571428,
    0.5087142857142857,
    0.5129142857142858,
    0.5182
  ],
  "val_accuracies": [
    0.44306666666666666,
    0.4345333333333333,
    0.4609333333333333,
    0.4457333333333333,
    0.47173333333333334,
    0.4888,
    0.4872,
    0.49,
    0.4998666666666667,
    0.5005333333333334,
    0.4922666666666667,
    0.4982666666666667,
    0.49306666666666665
  ]
}