{
  "w2v": {
    "test_accuracy": 0.4648,
    "val_accuracy": 0.46813333333333335,
    "test_f1_macro": 0.29268462957036767,
    "test_f1_weighted": 0.43760523289500075,
    "test_f1_per_class": {
      "anger": 0.29152542372881357,
      "disgust": 0.039473684210526314,
      "fear": 0.15658362989323843,
      "joy": 0.6330594184576486,
      "sadness": 0.3013048635824436,
      "surprise": 0.19162640901771336,
      "neutral": 0.4352189781021898
    },
    "val_f1_macro": 0.2989855304034364,
    "val_f1_weighted": 0.440160947685754,
    "val_f1_per_class": {
      "anger": 0.2800453514739229,
      "disgust": 0.025477707006369428,
      "fear": 0.17454545454545456,
      "joy": 0.6373942200223535,
      "sadness": 0.32701421800947866,
      "surprise": 0.21248986212489862,
      "neutral": 0.4359318996415771
    },
    "training_time_seconds": 80.78212976455688,
    "timestamp": "2025-05-11T20:08:25.749725",
    "model_type": "Transformer",
    "vectorizer": "w2v",
    "model_path": "models/transformer_merged/transformer_w2v_plus_mean.pt",
    "train_losses": [
      879.4567878246307,
      831.4452538490295,
      821.2889475822449,
      812.6023036241531,
      804.6107828617096,
      796.6670613288879,
      788.9462954998016,
      779.3109002113342,
      770.0668592453003
    ],
    "train_accuracies": [
      0.41765714285714284,
      0.4593714285714286,
      0.4692571428571429,
      0.4831714285714286,
      0.491,
      0.49957142857142856,
      0.5076,
      0.5143142857142857,
      0.5215428571428572
    ],
    "val_accuracies": [
      0.4388,
      0.4514666666666667,
      0.45626666666666665,
      0.4636,
      0.464,
      0.47146666666666665,
      0.466,
      0.47026666666666667,
      0.46813333333333335
    ]
  },
  "fasttext": {
    "test_accuracy": 0.46786666666666665,
    "val_accuracy": 0.46,
    "test_f1_macro": 0.31204994544525483,
    "test_f1_weighted": 0.45558222338493726,
    "test_f1_per_class": {
      "anger": 0.34254644313547805,
      "disgust": 0.07142857142857142,
      "fear": 0.1422924901185771,
      "joy": 0.6232681723287151,
      "sadness": 0.3013048635824436,
      "surprise": 0.22583139984532097,
      "neutral": 0.47767767767767766
    },
    "val_f1_macro": 0.31029051804686064,
    "val_f1_weighted": 0.45081007898728875,
    "val_f1_per_class": {
      "anger": 0.3153526970954357,
      "disgust": 0.12195121951219512,
      "fear": 0.12403100775193798,
      "joy": 0.6267933668716229,
      "sadness": 0.3154034229828851,
      "surprise": 0.2096902303415409,
      "neutral": 0.45881168177240683
    },
    "training_time_seconds": 87.89561820030212,
    "timestamp": "2025-05-11T20:09:57.117024",
    "model_type": "Transformer",
    "vectorizer": "fasttext",
    "model_path": "models/transformer_merged/transformer_fasttext_plus_mean.pt",
    "train_losses": [
      877.1100964546204,
      834.3587812185287,
      821.9332922697067,
      810.592036485672,
      799.9458520412445,
      790.2570426464081,
      778.9560124874115,
      768.5019161701202,
      752.9549481868744,
      736.2367997169495,
      716.930532336235
    ],
    "train_accuracies": [
      0.41591428571428574,
      0.45485714285714285,
      0.4714,
      0.4836,
      0.49328571428571427,
      0.5027428571428572,
      0.5142571428571429,
      0.5228285714285714,
      0.5407142857142857,
      0.5571142857142857,
      0.5754
    ],
    "val_accuracies": [
      0.4474666666666667,
      0.4570666666666667,
      0.456,
      0.4673333333333333,
      0.4724,
      0.4836,
      0.478,
      0.4848,
      0.45613333333333334,
      0.4745333333333333,
      0.46
    ]
  },
  "bert": {
    "test_accuracy": 0.4864,
    "val_accuracy": 0.4892,
    "test_f1_macro": 0.33086133962235525,
    "test_f1_weighted": 0.4690134963591966,
    "test_f1_per_class": {
      "anger": 0.2737789203084833,
      "disgust": 0.11764705882352941,
      "fear": 0.19433198380566802,
      "joy": 0.645440906817803,
      "sadness": 0.2698412698412698,
      "surprise": 0.3465405085748078,
      "neutral": 0.4684487291849255
    },
    "val_f1_macro": 0.34765379709190175,
    "val_f1_weighted": 0.4733633942385967,
    "val_f1_per_class": {
      "anger": 0.2857142857142857,
      "disgust": 0.23595505617977527,
      "fear": 0.14492753623188406,
      "joy": 0.6467661691542289,
      "sadness": 0.310828025477707,
      "surprise": 0.345873786407767,
      "neutral": 0.46351172047766476
    },
    "training_time_seconds": 111.32518911361694,
    "timestamp": "2025-05-11T20:11:51.630808",
    "model_type": "Transformer",
    "vectorizer": "bert",
    "model_path": "models/transformer_merged/transformer_bert_plus_mean.pt",
    "train_losses": [
      853.8688321113586,
      820.2029944658279,
      808.4017225503922,
      800.7197029590607,
      792.7784534692764,
      785.4702721834183,
      777.8927580118179,
      769.0669013261795,
      759.1963173151016,
      747.4618891477585,
      736.2561851739883,
      724.7072405815125,
      711.3432976007462,
      695.9518587589264
    ],
    "train_accuracies": [
      0.43585714285714283,
      0.4671142857142857,
      0.4803428571428571,
      0.4894857142857143,
      0.4944857142857143,
      0.5026571428571428,
      0.5118857142857143,
      0.5207714285714286,
      0.5280285714285714,
      0.5426571428571428,
      0.5544285714285714,
      0.5641428571428572,
      0.5744857142857143,
      0.5881428571428572
    ],
    "val_accuracies": [
      0.4688,
      0.47426666666666667,
      0.4772,
      0.4842666666666667,
      0.4785333333333333,
      0.4912,
      0.4916,
      0.4932,
      0.4968,
      0.4912,
      0.49706666666666666,
      0.48733333333333334,
      0.4944,
      0.4892
    ]
  }
}