{
  "test_accuracy": 0.46786666666666665,
  "val_accuracy": 0.46,
  "test_f1_macro": 0.31204994544525483,
  "test_f1_weighted": 0.45558222338493726,
  "test_f1_per_class": {
    "anger": 0.34254644313547805,
    "disgust": 0.07142857142857142,
    "fear": 0.1422924901185771,
    "joy": 0.6232681723287151,
    "sadness": 0.3013048635824436,
    "surprise": 0.22583139984532097,
    "neutral": 0.47767767767767766
  },
  "val_f1_macro": 0.31029051804686064,
  "val_f1_weighted": 0.45081007898728875,
  "val_f1_per_class": {
    "anger": 0.3153526970954357,
    "disgust": 0.12195121951219512,
    "fear": 0.12403100775193798,
    "joy": 0.6267933668716229,
    "sadness": 0.3154034229828851,
    "surprise": 0.2096902303415409,
    "neutral": 0.45881168177240683
  },
  "training_time_seconds": 87.89561820030212,
  "timestamp": "2025-05-11T20:09:57.117024",
  "model_type": "Transformer",
  "vectorizer": "fasttext",
  "model_path": "models/transformer_merged/transformer_fasttext_plus_mean.pt",
  "train_losses": [
    877.1100964546204,
    834.3587812185287,
    821.9332922697067,
    810.592036485672,
    799.9458520412445,
    790.2570426464081,
    778.9560124874115,
    768.5019161701202,
    752.9549481868744,
    736.2367997169495,
    716.930532336235
  ],
  "train_accuracies": [
    0.41591428571428574,
    0.45485714285714285,
    0.4714,
    0.4836,
    0.49328571428571427,
    0.5027428571428572,
    0.5142571428571429,
    0.5228285714285714,
    0.5407142857142857,
    0.5571142857142857,
    0.5754
  ],
  "val_accuracies": [
    0.4474666666666667,
    0.4570666666666667,
    0.456,
    0.4673333333333333,
    0.4724,
    0.4836,
    0.478,
    0.4848,
    0.45613333333333334,
    0.4745333333333333,
    0.46
  ]
}