{
  "test_accuracy": 0.4648,
  "val_accuracy": 0.46813333333333335,
  "test_f1_macro": 0.29268462957036767,
  "test_f1_weighted": 0.43760523289500075,
  "test_f1_per_class": {
    "anger": 0.29152542372881357,
    "disgust": 0.039473684210526314,
    "fear": 0.15658362989323843,
    "joy": 0.6330594184576486,
    "sadness": 0.3013048635824436,
    "surprise": 0.19162640901771336,
    "neutral": 0.4352189781021898
  },
  "val_f1_macro": 0.2989855304034364,
  "val_f1_weighted": 0.440160947685754,
  "val_f1_per_class": {
    "anger": 0.2800453514739229,
    "disgust": 0.025477707006369428,
    "fear": 0.17454545454545456,
    "joy": 0.6373942200223535,
    "sadness": 0.32701421800947866,
    "surprise": 0.21248986212489862,
    "neutral": 0.4359318996415771
  },
  "training_time_seconds": 80.78212976455688,
  "timestamp": "2025-05-11T20:08:25.749725",
  "model_type": "Transformer",
  "vectorizer": "w2v",
  "model_path": "models/transformer_merged/transformer_w2v_plus_mean.pt",
  "train_losses": [
    879.4567878246307,
    831.4452538490295,
    821.2889475822449,
    812.6023036241531,
    804.6107828617096,
    796.6670613288879,
    788.9462954998016,
    779.3109002113342,
    770.0668592453003
  ],
  "train_accuracies": [
    0.41765714285714284,
    0.4593714285714286,
    0.4692571428571429,
    0.4831714285714286,
    0.491,
    0.49957142857142856,
    0.5076,
    0.5143142857142857,
    0.5215428571428572
  ],
  "val_accuracies": [
    0.4388,
    0.4514666666666667,
    0.45626666666666665,
    0.4636,
    0.464,
    0.47146666666666665,
    0.466,
    0.47026666666666667,
    0.46813333333333335
  ]
}