{
  "test_accuracy": 0.4864,
  "val_accuracy": 0.4892,
  "test_f1_macro": 0.33086133962235525,
  "test_f1_weighted": 0.4690134963591966,
  "test_f1_per_class": {
    "anger": 0.2737789203084833,
    "disgust": 0.11764705882352941,
    "fear": 0.19433198380566802,
    "joy": 0.645440906817803,
    "sadness": 0.2698412698412698,
    "surprise": 0.3465405085748078,
    "neutral": 0.4684487291849255
  },
  "val_f1_macro": 0.34765379709190175,
  "val_f1_weighted": 0.4733633942385967,
  "val_f1_per_class": {
    "anger": 0.2857142857142857,
    "disgust": 0.23595505617977527,
    "fear": 0.14492753623188406,
    "joy": 0.6467661691542289,
    "sadness": 0.310828025477707,
    "surprise": 0.345873786407767,
    "neutral": 0.46351172047766476
  },
  "training_time_seconds": 111.32518911361694,
  "timestamp": "2025-05-11T20:11:51.630808",
  "model_type": "Transformer",
  "vectorizer": "bert",
  "model_path": "models/transformer_merged/transformer_bert_plus_mean.pt",
  "train_losses": [
    853.8688321113586,
    820.2029944658279,
    808.4017225503922,
    800.7197029590607,
    792.7784534692764,
    785.4702721834183,
    777.8927580118179,
    769.0669013261795,
    759.1963173151016,
    747.4618891477585,
    736.2561851739883,
    724.7072405815125,
    711.3432976007462,
    695.9518587589264
  ],
  "train_accuracies": [
    0.43585714285714283,
    0.4671142857142857,
    0.4803428571428571,
    0.4894857142857143,
    0.4944857142857143,
    0.5026571428571428,
    0.5118857142857143,
    0.5207714285714286,
    0.5280285714285714,
    0.5426571428571428,
    0.5544285714285714,
    0.5641428571428572,
    0.5744857142857143,
    0.5881428571428572
  ],
  "val_accuracies": [
    0.4688,
    0.47426666666666667,
    0.4772,
    0.4842666666666667,
    0.4785333333333333,
    0.4912,
    0.4916,
    0.4932,
    0.4968,
    0.4912,
    0.49706666666666666,
    0.48733333333333334,
    0.4944,
    0.4892
  ]
}