{
  "test_accuracy": 0.4182666666666667,
  "val_accuracy": 0.4124,
  "test_f1_macro": 0.3254034378839049,
  "test_f1_weighted": 0.4366185300545028,
  "test_f1_per_class": {
    "anger": 0.316166592028661,
    "disgust": 0.16339869281045752,
    "fear": 0.19438444924406048,
    "joy": 0.5958254269449715,
    "sadness": 0.3041765169424744,
    "surprise": 0.2962226640159046,
    "neutral": 0.4076497232008052
  },
  "val_f1_macro": 0.31481461489255896,
  "val_f1_weighted": 0.4311051154951508,
  "val_f1_per_class": {
    "anger": 0.3360762234733651,
    "disgust": 0.12345679012345678,
    "fear": 0.18565400843881857,
    "joy": 0.5792047629172868,
    "sadness": 0.2706270627062706,
    "surprise": 0.2964426877470356,
    "neutral": 0.4122407688416793
  },
  "training_time_seconds": 429.98286175727844,
  "timestamp": "2025-05-11T15:44:50.706209",
  "model_type": "SVM",
  "vectorizer": "fasttext",
  "model_path": "models/svm/svm_model_fasttext.joblib"
}