{
  "test_accuracy": 0.37466666666666665,
  "val_accuracy": 0.3752,
  "test_f1_macro": 0.27891881512563294,
  "test_f1_weighted": 0.40587788491909776,
  "test_f1_per_class": {
    "anger": 0.26244343891402716,
    "disgust": 0.1103202846975089,
    "fear": 0.11778846153846154,
    "joy": 0.5699391833188532,
    "sadness": 0.22030981067125646,
    "surprise": 0.28237585199610515,
    "neutral": 0.38925467474321834
  },
  "val_f1_macro": 0.28418557149998447,
  "val_f1_weighted": 0.40660628427864226,
  "val_f1_per_class": {
    "anger": 0.2620347394540943,
    "disgust": 0.11940298507462686,
    "fear": 0.1188118811881188,
    "joy": 0.5595716198125836,
    "sadness": 0.24821002386634844,
    "surprise": 0.2748478701825558,
    "neutral": 0.40641988092156356
  },
  "training_time_seconds": 409.3009352684021,
  "timestamp": "2025-05-11T15:37:40.451461",
  "model_type": "SVM",
  "vectorizer": "w2v",
  "model_path": "models/svm/svm_model_w2v.joblib"
}