{
  "w2v": {
    "test_accuracy": 0.48586666666666667,
    "val_accuracy": 0.48346666666666666,
    "test_f1_macro": 0.31003337126635083,
    "test_f1_weighted": 0.4688680193845285,
    "test_f1_per_class": {
      "anger": 0.30221703617269546,
      "disgust": 0.0736196319018405,
      "fear": 0.13138686131386862,
      "joy": 0.6451846488052136,
      "sadness": 0.2757619738751814,
      "surprise": 0.2431021625652498,
      "neutral": 0.49896128423040603
    },
    "val_f1_macro": 0.3271504702256163,
    "val_f1_weighted": 0.46507114876182193,
    "val_f1_per_class": {
      "anger": 0.3293347873500545,
      "disgust": 0.1317365269461078,
      "fear": 0.18243243243243243,
      "joy": 0.6406736225517116,
      "sadness": 0.2785515320334262,
      "surprise": 0.22869318181818182,
      "neutral": 0.4986312084473993
    },
    "training_time_seconds": 91.36511778831482,
    "timestamp": "2025-05-11T19:40:55.107861",
    "model_type": "LSTM",
    "vectorizer": "w2v",
    "model_path": "models/lstm/lstm_w2v.pt",
    "train_losses": [
      880.7897393703461,
      851.0903552770615,
      837.3870396614075,
      828.6443692445755,
      821.6452368497849,
      810.2787420749664,
      800.2293256521225,
      791.7009023427963,
      780.1002062559128,
      768.6010568141937,
      755.8460282087326,
      741.9894955158234
    ],
    "train_accuracies": [
      0.4071142857142857,
      0.4440571428571429,
      0.4627428571428571,
      0.47305714285714284,
      0.4804,
      0.49145714285714287,
      0.5015714285714286,
      0.5108,
      0.5215142857142857,
      0.5354857142857142,
      0.5485714285714286,
      0.5620857142857143
    ],
    "val_accuracies": [
      0.44306666666666666,
      0.4533333333333333,
      0.46946666666666664,
      0.47626666666666667,
      0.4806666666666667,
      0.48333333333333334,
      0.48786666666666667,
      0.48506666666666665,
      0.48906666666666665,
      0.4765333333333333,
      0.48306666666666664,
      0.48346666666666666
    ]
  },
  "fasttext": {
    "test_accuracy": 0.4864,
    "val_accuracy": 0.48693333333333333,
    "test_f1_macro": 0.3110428840151514,
    "test_f1_weighted": 0.4549702462807218,
    "test_f1_per_class": {
      "anger": 0.27356020942408377,
      "disgust": 0.11180124223602485,
      "fear": 0.18450184501845018,
      "joy": 0.6534450333390324,
      "sadness": 0.3292181069958848,
      "surprise": 0.14028776978417265,
      "neutral": 0.4844859813084112
    },
    "val_f1_macro": 0.314557037197698,
    "val_f1_weighted": 0.4560143494455938,
    "val_f1_per_class": {
      "anger": 0.25906735751295334,
      "disgust": 0.14285714285714285,
      "fear": 0.14652014652014653,
      "joy": 0.6481449525452977,
      "sadness": 0.36658354114713215,
      "surprise": 0.14976303317535544,
      "neutral": 0.4889630866258579
    },
    "training_time_seconds": 91.58766174316406,
    "timestamp": "2025-05-11T19:42:29.344809",
    "model_type": "LSTM",
    "vectorizer": "fasttext",
    "model_path": "models/lstm/lstm_fasttext.pt",
    "train_losses": [
      889.4136430025101,
      852.3625245094299,
      842.5658909082413,
      832.9462052583694,
      823.7674833536148,
      815.0355021953583,
      804.816403388977,
      795.5982321500778,
      784.7842407226562,
      773.534970998764,
      760.6675447225571,
      748.1698009967804
    ],
    "train_accuracies": [
      0.39708571428571426,
      0.4430857142857143,
      0.45745714285714284,
      0.46754285714285715,
      0.4787142857142857,
      0.48674285714285714,
      0.5012857142857143,
      0.5123428571428571,
      0.5204,
      0.5317142857142857,
      0.5443142857142858,
      0.5619428571428572
    ],
    "val_accuracies": [
      0.4341333333333333,
      0.44906666666666667,
      0.4609333333333333,
      0.47346666666666665,
      0.47053333333333336,
      0.4732,
      0.48213333333333336,
      0.4844,
      0.48906666666666665,
      0.4766666666666667,
      0.4885333333333333,
      0.48693333333333333
    ]
  },
  "bert": {
    "test_accuracy": 0.46426666666666666,
    "val_accuracy": 0.4609333333333333,
    "test_f1_macro": 0.29833116571428125,
    "test_f1_weighted": 0.4502979331475192,
    "test_f1_per_class": {
      "anger": 0.27249683143219267,
      "disgust": 0.02631578947368421,
      "fear": 0.1554054054054054,
      "joy": 0.6295001747640685,
      "sadness": 0.23218997361477572,
      "surprise": 0.32406287787182586,
      "neutral": 0.44834710743801653
    },
    "val_f1_macro": 0.30807458996018156,
    "val_f1_weighted": 0.4483486789243497,
    "val_f1_per_class": {
      "anger": 0.24966974900924702,
      "disgust": 0.0989010989010989,
      "fear": 0.1285140562248996,
      "joy": 0.6228761604484148,
      "sadness": 0.29121540312876054,
      "surprise": 0.32254123396456935,
      "neutral": 0.44280442804428044
    },
    "training_time_seconds": 60.71308708190918,
    "timestamp": "2025-05-11T19:43:32.365625",
    "model_type": "LSTM",
    "vectorizer": "bert",
    "model_path": "models/lstm/lstm_bert.pt",
    "train_losses": [
      848.3493202924728,
      826.8045004606247,
      811.1163640022278,
      791.0031158924103,
      764.5566409826279,
      730.8676828145981,
      691.2664773464203,
      648.3729029297829
    ],
    "train_accuracies": [
      0.4346285714285714,
      0.45631428571428573,
      0.47285714285714286,
      0.4946857142857143,
      0.5240285714285714,
      0.5637714285714286,
      0.6045714285714285,
      0.6491714285714286
    ],
    "val_accuracies": [
      0.44466666666666665,
      0.4574666666666667,
      0.45813333333333334,
      0.4666666666666667,
      0.4688,
      0.46226666666666666,
      0.4530666666666667,
      0.4609333333333333
    ]
  }
}