{
  "test_accuracy": 0.4864,
  "val_accuracy": 0.48693333333333333,
  "test_f1_macro": 0.3110428840151514,
  "test_f1_weighted": 0.4549702462807218,
  "test_f1_per_class": {
    "anger": 0.27356020942408377,
    "disgust": 0.11180124223602485,
    "fear": 0.18450184501845018,
    "joy": 0.6534450333390324,
    "sadness": 0.3292181069958848,
    "surprise": 0.14028776978417265,
    "neutral": 0.4844859813084112
  },
  "val_f1_macro": 0.314557037197698,
  "val_f1_weighted": 0.4560143494455938,
  "val_f1_per_class": {
    "anger": 0.25906735751295334,
    "disgust": 0.14285714285714285,
    "fear": 0.14652014652014653,
    "joy": 0.6481449525452977,
    "sadness": 0.36658354114713215,
    "surprise": 0.14976303317535544,
    "neutral": 0.4889630866258579
  },
  "training_time_seconds": 91.58766174316406,
  "timestamp": "2025-05-11T19:42:29.344809",
  "model_type": "LSTM",
  "vectorizer": "fasttext",
  "model_path": "models/lstm/lstm_fasttext.pt",
  "train_losses": [
    889.4136430025101,
    852.3625245094299,
    842.5658909082413,
    832.9462052583694,
    823.7674833536148,
    815.0355021953583,
    804.816403388977,
    795.5982321500778,
    784.7842407226562,
    773.534970998764,
    760.6675447225571,
    748.1698009967804
  ],
  "train_accuracies": [
    0.39708571428571426,
    0.4430857142857143,
    0.45745714285714284,
    0.46754285714285715,
    0.4787142857142857,
    0.48674285714285714,
    0.5012857142857143,
    0.5123428571428571,
    0.5204,
    0.5317142857142857,
    0.5443142857142858,
    0.5619428571428572
  ],
  "val_accuracies": [
    0.4341333333333333,
    0.44906666666666667,
    0.4609333333333333,
    0.47346666666666665,
    0.47053333333333336,
    0.4732,
    0.48213333333333336,
    0.4844,
    0.48906666666666665,
    0.4766666666666667,
    0.4885333333333333,
    0.48693333333333333
  ]
}