{
  "test_accuracy": 0.48586666666666667,
  "val_accuracy": 0.48346666666666666,
  "test_f1_macro": 0.31003337126635083,
  "test_f1_weighted": 0.4688680193845285,
  "test_f1_per_class": {
    "anger": 0.30221703617269546,
    "disgust": 0.0736196319018405,
    "fear": 0.13138686131386862,
    "joy": 0.6451846488052136,
    "sadness": 0.2757619738751814,
    "surprise": 0.2431021625652498,
    "neutral": 0.49896128423040603
  },
  "val_f1_macro": 0.3271504702256163,
  "val_f1_weighted": 0.46507114876182193,
  "val_f1_per_class": {
    "anger": 0.3293347873500545,
    "disgust": 0.1317365269461078,
    "fear": 0.18243243243243243,
    "joy": 0.6406736225517116,
    "sadness": 0.2785515320334262,
    "surprise": 0.22869318181818182,
    "neutral": 0.4986312084473993
  },
  "training_time_seconds": 91.36511778831482,
  "timestamp": "2025-05-11T19:40:55.107861",
  "model_type": "LSTM",
  "vectorizer": "w2v",
  "model_path": "models/lstm/lstm_w2v.pt",
  "train_losses": [
    880.7897393703461,
    851.0903552770615,
    837.3870396614075,
    828.6443692445755,
    821.6452368497849,
    810.2787420749664,
    800.2293256521225,
    791.7009023427963,
    780.1002062559128,
    768.6010568141937,
    755.8460282087326,
    741.9894955158234
  ],
  "train_accuracies": [
    0.4071142857142857,
    0.4440571428571429,
    0.4627428571428571,
    0.47305714285714284,
    0.4804,
    0.49145714285714287,
    0.5015714285714286,
    0.5108,
    0.5215142857142857,
    0.5354857142857142,
    0.5485714285714286,
    0.5620857142857143
  ],
  "val_accuracies": [
    0.44306666666666666,
    0.4533333333333333,
    0.46946666666666664,
    0.47626666666666667,
    0.4806666666666667,
    0.48333333333333334,
    0.48786666666666667,
    0.48506666666666665,
    0.48906666666666665,
    0.4765333333333333,
    0.48306666666666664,
    0.48346666666666666
  ]
}