{
  "test_accuracy": 0.46426666666666666,
  "val_accuracy": 0.4609333333333333,
  "test_f1_macro": 0.29833116571428125,
  "test_f1_weighted": 0.4502979331475192,
  "test_f1_per_class": {
    "anger": 0.27249683143219267,
    "disgust": 0.02631578947368421,
    "fear": 0.1554054054054054,
    "joy": 0.6295001747640685,
    "sadness": 0.23218997361477572,
    "surprise": 0.32406287787182586,
    "neutral": 0.44834710743801653
  },
  "val_f1_macro": 0.30807458996018156,
  "val_f1_weighted": 0.4483486789243497,
  "val_f1_per_class": {
    "anger": 0.24966974900924702,
    "disgust": 0.0989010989010989,
    "fear": 0.1285140562248996,
    "joy": 0.6228761604484148,
    "sadness": 0.29121540312876054,
    "surprise": 0.32254123396456935,
    "neutral": 0.44280442804428044
  },
  "training_time_seconds": 60.71308708190918,
  "timestamp": "2025-05-11T19:43:32.365625",
  "model_type": "LSTM",
  "vectorizer": "bert",
  "model_path": "models/lstm/lstm_bert.pt",
  "train_losses": [
    848.3493202924728,
    826.8045004606247,
    811.1163640022278,
    791.0031158924103,
    764.5566409826279,
    730.8676828145981,
    691.2664773464203,
    648.3729029297829
  ],
  "train_accuracies": [
    0.4346285714285714,
    0.45631428571428573,
    0.47285714285714286,
    0.4946857142857143,
    0.5240285714285714,
    0.5637714285714286,
    0.6045714285714285,
    0.6491714285714286
  ],
  "val_accuracies": [
    0.44466666666666665,
    0.4574666666666667,
    0.45813333333333334,
    0.4666666666666667,
    0.4688,
    0.46226666666666666,
    0.4530666666666667,
    0.4609333333333333
  ]
}